USER_ID,ITEM_ID,TIMESTAMP,EVENT_TYPE
user_2,Run,1520675927,completed
user_2,Ride,1660290849,completed
user_2,VirtualRide,1572459710,completed
user_2,Run,1608193067,completed
user_3,Run,1578822022,completed
user_3,Run,1580721263,completed
user_3,VirtualRide,1605684916,completed
user_4,Swim,1531658913,completed
user_4,Run,1686917404,completed
user_4,VirtualRide,1573140300,completed
user_4,VirtualRide,1687874374,completed
user_5,Run,1577948127,completed
user_5,Ride,1592039826,completed
user_5,VirtualRide,1636182436,completed
user_5,Walk,1658221537,completed
user_6,VirtualRide,1667910755,completed
user_6,Run,1621319403,completed
user_6,VirtualRide,1681637148,completed
user_6,Run,1539537381,completed
user_7,Run,1521633719,completed
user_7,Ride,1627923522,completed
user_7,Swim,1538046642,completed
user_7,Ride,1497342090,completed
user_7,Ride,1594758951,completed
user_8,Run,1513410896,completed
user_8,Run,1684054110,completed
user_8,VirtualRide,1587492829,completed
user_8,VirtualRide,1603454845,completed
user_8,Run,1617179537,completed
user_9,Run,1690741442,completed
user_9,Ride,1632150815,completed
user_9,Ride,1605346594,completed
user_9,Ride,1637131514,completed
user_10,VirtualRide,1608046806,completed
user_10,VirtualRide,1594978415,completed
user_10,VirtualRide,1650797980,completed
user_11,Run,1544282289,completed
user_11,Run,1578206161,completed
user_11,VirtualRide,1595231992,completed
user_11,Run,1670174894,completed
user_12,Run,1682161891,completed
user_12,Run,1511333109,completed
user_12,Run,1670432041,completed
user_12,Ride,1635922918,completed
user_12,Run,1548611873,completed
user_13,VirtualRide,1614703944,completed
user_13,Run,1643898119,completed
user_13,VirtualRide,1609238780,completed
user_14,Run,1686317248,completed
user_14,Ride,1544289354,completed
user_14,Swim,1553518958,completed
user_14,VirtualRide,1671039436,completed
user_14,Ride,1562998628,completed
user_15,VirtualRide,1674730941,completed
user_15,VirtualRide,1607955306,completed
user_15,Swim,1531123550,completed
user_15,Swim,1582803053,completed
user_16,VirtualRide,1535094615,completed
user_16,VirtualRide,1587197436,completed
user_16,VirtualRide,1659459628,completed
user_16,Run,1560935089,completed
user_16,Ride,1627561882,completed
user_17,Ride,1542442509,completed
user_17,VirtualRide,1594287058,completed
user_17,Ride,1495524418,completed
user_17,Run,1522049276,completed
user_17,VirtualRide,1601227098,completed
user_18,VirtualRide,1555874147,completed
user_18,VirtualRide,1683021589,completed
user_18,Swim,1558599683,completed
user_18,Run,1562692707,completed
user_19,Ride,1656919732,completed
user_19,Swim,1567782564,completed
user_19,Ride,1596403981,completed
user_19,Ride,1620369230,completed
user_20,Run,1663095098,completed
user_20,Run,1542031905,completed
user_20,VirtualRide,1617604172,completed
user_21,VirtualRide,1658825822,completed
user_21,Run,1524607073,completed
user_21,WeightTraining,1686318543,completed
user_22,VirtualRide,1612191763,completed
user_22,Run,1559717294,completed
user_22,Swim,1549890356,completed
user_22,Swim,1535455289,completed
user_22,Run,1560847570,completed
user_23,Swim,1526472065,completed
user_23,VirtualRide,1647359606,completed
user_23,Ride,1667149670,completed
user_23,VirtualRide,1539421372,completed
user_24,VirtualRide,1549703710,completed
user_24,Swim,1531728337,completed
user_24,Run,1675015072,completed
user_25,VirtualRide,1665591937,completed
user_25,Run,1518500892,completed
user_25,Workout,1523178061,completed
user_25,Ride,1629919171,completed
user_26,VirtualRide,1583259355,completed
user_26,Run,1556778495,completed
user_26,Ride,1510990591,completed
user_26,VirtualRide,1607260425,completed
user_26,VirtualRide,1600693292,completed
user_27,Swim,1652275048,completed
user_27,Swim,1569498790,completed
user_27,VirtualRide,1672161445,completed
user_27,Ride,1610172092,completed
user_28,Ride,1632988784,completed
user_28,Ride,1670054279,completed
user_28,Ride,1634054589,completed
user_28,Run,1639377656,completed
user_28,Run,1618900232,completed
user_29,Swim,1565953089,completed
user_29,VirtualRide,1597335111,completed
user_29,Swim,1527768459,completed
user_29,VirtualRide,1620041346,completed
user_30,Ride,1656963137,completed
user_30,Ride,1592936247,completed
user_30,VirtualRide,1602412726,completed
user_31,VirtualRide,1660385272,completed
user_31,Run,1544542235,completed
user_31,Swim,1524053554,completed
user_31,Run,1597569802,completed
user_31,VirtualRide,1592655065,completed
user_32,VirtualRide,1645426680,completed
user_32,VirtualRide,1655805588,completed
user_32,Swim,1551099352,completed
user_32,VirtualRide,1649177621,completed
user_32,VirtualRide,1609484350,completed
user_33,VirtualRide,1586592513,completed
user_33,VirtualRide,1659011460,completed
user_33,Run,1517498923,completed
user_33,Swim,1519301647,completed
user_33,Ride,1621359112,completed
user_34,VirtualRide,1641830411,completed
user_34,Run,1616602686,completed
user_34,VirtualRide,1583917215,completed
user_34,Run,1497816246,completed
user_34,Swim,1516187202,completed
user_35,VirtualRide,1534784432,completed
user_35,VirtualRide,1551428501,completed
user_35,Run,1575614328,completed
user_35,VirtualRide,1664715670,completed
user_35,Run,1537900721,completed
user_36,Ride,1611737331,completed
user_36,Run,1548745544,completed
user_36,VirtualRide,1641193673,completed
user_36,Ride,1629705668,completed
user_36,Swim,1581600510,completed
user_37,Run,1672820675,completed
user_37,VirtualRide,1682536390,completed
user_37,Swim,1535020284,completed
user_37,Ride,1604817276,completed
user_37,Ride,1633244904,completed
user_38,VirtualRide,1587578690,completed
user_38,Ride,1664607837,completed
user_38,VirtualRide,1681301649,completed
user_39,VirtualRide,1638459206,completed
user_39,VirtualRide,1537446697,completed
user_39,VirtualRide,1636300944,completed
user_39,Ride,1539949359,completed
user_40,Ride,1628330662,completed
user_40,VirtualRide,1614099289,completed
user_40,Ride,1683099749,completed
user_41,VirtualRide,1588788587,completed
user_41,Run,1502902387,completed
user_41,Run,1561655969,completed
user_41,Run,1531766081,completed
user_42,Swim,1582810205,completed
user_42,Ride,1674804683,completed
user_42,Run,1529311512,completed
user_43,VirtualRide,1591891204,completed
user_43,Ride,1627367791,completed
user_43,Ride,1505548868,completed
user_43,Swim,1522943180,completed
user_43,VirtualRide,1654272043,completed
user_44,Swim,1573026079,completed
user_44,Run,1617948796,completed
user_44,Ride,1570955987,completed
user_44,Ride,1610791163,completed
user_44,VirtualRide,1539016944,completed
user_45,Run,1580236213,completed
user_45,Run,1617724500,completed
user_45,Ride,1524685165,completed
user_45,VirtualRide,1586281668,completed
user_46,VirtualRide,1616423428,completed
user_46,VirtualRide,1624015835,completed
user_46,Run,1495394843,completed
user_47,Run,1538411832,completed
user_47,Run,1586702164,completed
user_47,Run,1583842049,completed
user_47,VirtualRide,1634630877,completed
user_47,VirtualRide,1668514902,completed
user_48,Swim,1568639006,completed
user_48,Run,1673092641,completed
user_48,VirtualRide,1688716869,completed
user_48,Ride,1649271805,completed
user_48,VirtualRide,1592808579,completed
user_49,VirtualRide,1612285196,completed
user_49,VirtualRide,1625576455,completed
user_49,VirtualRide,1550498821,completed
user_49,Ride,1519577053,completed
user_49,Ride,1642233621,completed
user_50,Walk,1678060182,completed
user_50,VirtualRide,1623394910,completed
user_50,Run,1653726703,completed
user_50,Ride,1672225357,completed
user_51,VirtualRide,1560969552,completed
user_51,Swim,1572268996,completed
user_51,VirtualRide,1595872381,completed
user_51,VirtualRide,1691336051,completed
user_51,Swim,1529403549,completed
user_52,VirtualRide,1687102207,completed
user_52,Hike,1666245452,completed
user_52,Run,1676996709,completed
user_52,Run,1624948792,completed
user_53,Ride,1525113124,completed
user_53,Ride,1590563162,completed
user_53,VirtualRide,1660237234,completed
user_54,Run,1653466236,completed
user_54,Run,1582708491,completed
user_54,VirtualRide,1606392200,completed
user_54,Run,1676018600,completed
user_54,VirtualRide,1636475505,completed
user_55,VirtualRide,1590937234,completed
user_55,Run,1525116863,completed
user_55,Ride,1510814917,completed
user_55,VirtualRide,1651910355,completed
user_56,Ride,1683963048,completed
user_56,Ride,1538811455,completed
user_56,VirtualRide,1655747800,completed
user_57,Ride,1510511586,completed
user_57,Run,1673797257,completed
user_57,Run,1537121214,completed
user_57,VirtualRide,1557322399,completed
user_57,Swim,1528197001,completed
user_58,VirtualRide,1661443438,completed
user_58,Swim,1598173080,completed
user_58,Ride,1609258995,completed
user_59,Swim,1570708101,completed
user_59,Run,1638689400,completed
user_59,VirtualRide,1621421954,completed
user_60,VirtualRide,1551724486,completed
user_60,Hike,1640095347,completed
user_60,Ride,1608104345,completed
user_61,VirtualRide,1567848033,completed
user_61,StandUpPaddling,1682773080,completed
user_61,VirtualRide,1614274011,completed
user_61,Swim,1510578533,completed
user_61,VirtualRide,1616347573,completed
user_62,Run,1575823049,completed
user_62,Ride,1599803264,completed
user_62,Run,1664801408,completed
user_62,Run,1593454616,completed
user_63,VirtualRide,1647248384,completed
user_63,VirtualRide,1565714182,completed
user_63,VirtualRide,1595350942,completed
user_63,Ride,1637338262,completed
user_63,Ride,1633163254,completed
user_64,Run,1517125923,completed
user_64,Run,1581245015,completed
user_64,Ride,1685772371,completed
user_64,Run,1515357636,completed
user_64,Walk,1690526990,completed
user_65,VirtualRide,1552489664,completed
user_65,VirtualRide,1597922055,completed
user_65,VirtualRide,1549098401,completed
user_65,VirtualRide,1660669215,completed
user_65,Walk,1678782420,completed
user_66,Ride,1675507373,completed
user_66,Ride,1596437127,completed
user_66,Ride,1569655591,completed
user_67,Ride,1501009168,completed
user_67,VirtualRide,1645377150,completed
user_67,Ride,1542029619,completed
user_67,Ride,1501009168,completed
user_68,Run,1501916816,completed
user_68,Ride,1634108414,completed
user_68,Run,1652024391,completed
user_68,Ride,1558081941,completed
user_69,Run,1674026103,completed
user_69,Run,1511111120,completed
user_69,VirtualRide,1561625694,completed
user_69,Ride,1631861666,completed
user_69,VirtualRide,1568886252,completed
user_70,Run,1577258325,completed
user_70,VirtualRide,1687526435,completed
user_70,VirtualRide,1665509563,completed
user_71,Swim,1533903098,completed
user_71,VirtualRide,1686151050,completed
user_71,Walk,1678868880,completed
user_71,VirtualRide,1580630584,completed
user_71,Run,1545643789,completed
user_72,Ride,1564814630,completed
user_72,Run,1543860278,completed
user_72,Ride,1635318167,completed
user_73,VirtualRide,1663859635,completed
user_73,VirtualRide,1689088714,completed
user_73,VirtualRide,1532458079,completed
user_73,Run,1523339013,completed
user_74,VirtualRide,1652463508,completed
user_74,VirtualRide,1636470704,completed
user_74,Run,1685891023,completed
user_74,Run,1514360209,completed
user_75,Run,1566286232,completed
user_75,Ride,1618122984,completed
user_75,Ride,1513759258,completed
user_75,VirtualRide,1587922980,completed
user_76,Run,1574789334,completed
user_76,Ride,1605776628,completed
user_76,VirtualRide,1690737572,completed
user_77,VirtualRide,1594144367,completed
user_77,Ride,1543280457,completed
user_77,Ride,1583495744,completed
user_77,Ride,1602308450,completed
user_78,Ride,1594756861,completed
user_78,VirtualRide,1643360616,completed
user_78,VirtualRide,1550670654,completed
user_78,Swim,1548681089,completed
user_79,Swim,1525350774,completed
user_79,VirtualRide,1548177271,completed
user_79,Ride,1689153819,completed
user_79,Swim,1536059394,completed
user_79,Walk,1678399740,completed
user_80,Ride,1664904746,completed
user_80,VirtualRide,1600950592,completed
user_80,VirtualRide,1638355732,completed
user_80,Ride,1512843949,completed
user_80,Ride,1634366548,completed
user_81,Run,1542885796,completed
user_81,VirtualRide,1620196982,completed
user_81,VirtualRide,1651585223,completed
user_81,VirtualRide,1636387407,completed
user_82,Ride,1555139987,completed
user_82,Hike,1642152057,completed
user_82,Ride,1661582326,completed
user_82,Swim,1531380568,completed
user_83,VirtualRide,1658934215,completed
user_83,VirtualRide,1677231082,completed
user_83,VirtualRide,1592211715,completed
user_83,Swim,1530180289,completed
user_84,Run,1565593211,completed
user_84,Ride,1665211782,completed
user_84,Run,1516437340,completed
user_85,VirtualRide,1614270248,completed
user_85,VirtualRide,1639465180,completed
user_85,Hike,1544871359,completed
user_86,VirtualRide,1660755426,completed
user_86,Ride,1510990580,completed
user_86,VirtualRide,1556002771,completed
user_87,VirtualRide,1602054249,completed
user_87,Walk,1677912282,completed
user_87,VirtualRide,1646760624,completed
user_87,VirtualRide,1566409198,completed
user_88,Run,1544119685,completed
user_88,Ride,1682237556,completed
user_88,Ride,1634713149,completed
user_89,Run,1527231217,completed
user_89,Ride,1530945926,completed
user_89,Swim,1568989222,completed
user_89,VirtualRide,1587145936,completed
user_89,Ride,1646470677,completed
user_90,VirtualRide,1662744680,completed
user_90,Run,1617552920,completed
user_90,Hike,1676132473,completed
user_90,Ride,1631203867,completed
user_90,VirtualRide,1648401302,completed
user_91,VirtualRide,1533551288,completed
user_91,VirtualRide,1663262486,completed
user_91,VirtualRide,1586363477,completed
user_91,VirtualRide,1669197655,completed
user_92,VirtualRide,1551517231,completed
user_92,Run,1525990939,completed
user_92,Ride,1686380579,completed
user_93,Run,1531237990,completed
user_93,Run,1545982252,completed
user_93,Run,1548958998,completed
user_93,Ride,1647068614,completed
user_93,Swim,1529999619,completed
user_94,Ride,1515101039,completed
user_94,VirtualRide,1563995853,completed
user_94,VirtualRide,1562052707,completed
user_94,VirtualRide,1609403013,completed
user_94,VirtualRide,1652886187,completed
user_95,Swim,1537268751,completed
user_95,Run,1563119315,completed
user_95,VirtualRide,1619590287,completed
user_95,VirtualRide,1642933764,completed
user_95,VirtualRide,1565004229,completed
user_96,Ride,1633858724,completed
user_96,Run,1553805947,completed
user_96,Run,1528199145,completed
user_96,Swim,1538478434,completed
user_97,VirtualRide,1650367830,completed
user_97,VirtualRide,1622617298,completed
user_97,VirtualRide,1640345795,completed
user_97,Ride,1603345876,completed
user_97,Swim,1579869963,completed
user_98,Run,1531168643,completed
user_98,Ride,1669531904,completed
user_98,VirtualRide,1640173736,completed
user_98,Ride,1602999162,completed
user_99,Ride,1671784471,completed
user_99,VirtualRide,1615204695,completed
user_99,Ride,1625645955,completed
user_99,VirtualRide,1653060458,completed
user_99,VirtualRide,1594729232,completed
user_100,Ride,1493362973,completed
user_100,VirtualRide,1659114000,completed
user_100,Ride,1598509037,completed
user_101,Run,1582885859,completed
user_101,VirtualRide,1635440965,completed
user_101,VirtualRide,1622097205,completed
user_101,Run,1529676779,completed
user_101,Ride,1605594752,completed
user_102,Run,1686252696,completed
user_102,Ride,1566888208,completed
user_102,VirtualRide,1669714791,completed
user_102,Hike,1688381109,completed
user_102,Hike,1675870994,completed
user_103,Swim,1527770618,completed
user_103,Ride,1629997170,completed
user_103,VirtualRide,1662570019,completed
user_103,Run,1569994417,completed
user_104,VirtualRide,1635237075,completed
user_104,Swim,1568034549,completed
user_104,Swim,1526320857,completed
user_105,Run,1575393162,completed
user_105,Ride,1592460239,completed
user_105,VirtualRide,1599634793,completed
user_105,Swim,1572872406,completed
user_106,VirtualRide,1652625085,completed
user_106,Swim,1549458575,completed
user_106,Run,1577783871,completed
user_107,VirtualRide,1635438530,completed
user_107,Workout,1503480655,completed
user_107,Ride,1498591520,completed
user_107,VirtualRide,1591088692,completed
user_108,VirtualRide,1601448929,completed
user_108,VirtualRide,1655301625,completed
user_108,Run,1555877893,completed
user_108,Swim,1651674424,completed
user_109,VirtualRide,1676451654,completed
user_109,VirtualRide,1564566967,completed
user_109,Ride,1633762999,completed
user_109,VirtualRide,1557903189,completed
user_110,Ride,1636791976,completed
user_110,VirtualRide,1601296767,completed
user_110,Run,1564901407,completed
user_110,Run,1624615589,completed
user_111,Run,1581659969,completed
user_111,WeightTraining,1680721255,completed
user_111,Run,1570169206,completed
user_111,VirtualRide,1692954059,completed
user_111,VirtualRide,1584173039,completed
user_112,Run,1519745796,completed
user_112,Ride,1542274622,completed
user_112,VirtualRide,1661862686,completed
user_112,Run,1529132097,completed
user_112,VirtualRide,1552663056,completed
user_113,VirtualRide,1646586095,completed
user_113,Ride,1669274929,completed
user_113,Ride,1657611638,completed
user_113,VirtualRide,1621579925,completed
user_113,Ride,1598988138,completed
user_114,VirtualRide,1651582945,completed
user_114,Run,1668443956,completed
user_114,VirtualRide,1677317273,completed
user_114,VirtualRide,1605681618,completed
user_114,VirtualRide,1671446037,completed
user_115,Ride,1606382835,completed
user_115,VirtualRide,1651147310,completed
user_115,VirtualRide,1635092437,completed
user_116,VirtualRide,1615371575,completed
user_116,Swim,1580807415,completed
user_116,VirtualRide,1537080606,completed
user_116,Ride,1646206269,completed
user_117,Ride,1627305356,completed
user_117,Run,1653553603,completed
user_117,Ride,1668179295,completed
user_118,VirtualRide,1561057509,completed
user_118,Run,1523511353,completed
user_118,Run,1562613415,completed
user_118,VirtualRide,1670516941,completed
user_119,Run,1653896861,completed
user_119,Run,1568535181,completed
user_119,Run,1576242899,completed
user_119,Run,1623743485,completed
user_119,VirtualRide,1664386223,completed
user_120,Ride,1606665698,completed
user_120,VirtualRide,1657104896,completed
user_120,Swim,1548853774,completed
user_120,VirtualRide,1652805036,completed
user_120,Swim,1519205831,completed
user_121,Run,1640503330,completed
user_121,Run,1620714773,completed
user_121,Run,1619514187,completed
user_121,Swim,1570194911,completed
user_122,Run,1654580911,completed
user_122,Run,1543420703,completed
user_122,VirtualRide,1625500893,completed
user_122,Run,1531169762,completed
user_123,Run,1639062232,completed
user_123,Ride,1605854304,completed
user_123,VirtualRide,1568208254,completed
user_123,Run,1544431259,completed
user_123,Run,1510298636,completed
user_124,Run,1559806699,completed
user_124,Hike,1677581081,completed
user_124,Run,1509690521,completed
user_124,VirtualRide,1589012115,completed
user_124,Walk,1678307655,completed
user_125,Ride,1665916358,completed
user_125,Ride,1637921272,completed
user_125,Run,1562515008,completed
user_126,Run,1519061619,completed
user_126,Run,1539106939,completed
user_126,VirtualRide,1612888315,completed
user_126,Ride,1668245418,completed
user_126,Run,1550672927,completed
user_127,VirtualRide,1597741235,completed
user_127,Run,1531073779,completed
user_127,Ride,1658305815,completed
user_127,Ride,1537601384,completed
user_128,Run,1623310438,completed
user_128,Run,1622317235,completed
user_128,VirtualRide,1618381825,completed
user_129,VirtualRide,1643016671,completed
user_129,Run,1662399300,completed
user_129,VirtualRide,1613299841,completed
user_130,VirtualRide,1582103683,completed
user_130,VirtualRide,1596555800,completed
user_130,Swim,1513083515,completed
user_130,Ride,1691955570,completed
user_131,VirtualRide,1624449548,completed
user_131,VirtualRide,1608541519,completed
user_131,Run,1497357828,completed
user_131,Swim,1548248734,completed
user_132,Ride,1608274695,completed
user_132,Ride,1649057884,completed
user_132,Run,1497857469,completed
user_133,VirtualRide,1675839734,completed
user_133,Run,1585654830,completed
user_133,VirtualRide,1596376826,completed
user_134,VirtualRide,1591204132,completed
user_134,Run,1568959746,completed
user_134,VirtualRide,1600189772,completed
user_134,Ride,1622959300,completed
user_135,Run,1529000668,completed
user_135,Run,1515604720,completed
user_135,Ride,1524519242,completed
user_136,VirtualRide,1637513937,completed
user_136,VirtualRide,1689181234,completed
user_136,VirtualRide,1668100970,completed
user_136,Run,1593849345,completed
user_137,WeightTraining,1683915302,completed
user_137,Swim,1583408448,completed
user_137,Run,1532336902,completed
user_138,Run,1523179421,completed
user_138,VirtualRide,1683289905,completed
user_138,Ride,1542972463,completed
user_138,VirtualRide,1645088437,completed
user_138,Ride,1497342193,completed
user_139,Run,1610008915,completed
user_139,Run,1620282510,completed
user_139,Ride,1633000610,completed
user_140,VirtualRide,1592746781,completed
user_140,Ride,1510814900,completed
user_140,VirtualRide,1616243671,completed
user_141,VirtualRide,1597504384,completed
user_141,Run,1686251320,completed
user_141,Swim,1579871131,completed
user_142,Swim,1580817329,completed
user_142,Ride,1572333570,completed
user_142,VirtualRide,1562353552,completed
user_142,Ride,1646810614,completed
user_142,Ride,1595661841,completed
user_143,Hike,1643966579,completed
user_143,Run,1583048554,completed
user_143,Swim,1520588297,completed
user_143,Run,1495396441,completed
user_143,VirtualRide,1560523887,completed
user_144,Run,1520183791,completed
user_144,Ride,1562521287,completed
user_144,VirtualRide,1664300002,completed
user_145,VirtualRide,1603628004,completed
user_145,Swim,1654692262,completed
user_145,Ride,1572679505,completed
user_145,VirtualRide,1539279855,completed
user_145,Run,1664476062,completed
user_146,Ride,1673449742,completed
user_146,Run,1521037283,completed
user_146,VirtualRide,1624205452,completed
user_146,Ride,1508658202,completed
user_146,Ride,1568701425,completed
user_147,Swim,1528036574,completed
user_147,VirtualRide,1680109078,completed
user_147,VirtualRide,1549954479,completed
user_148,Run,1503608691,completed
user_148,VirtualRide,1606667496,completed
user_148,VirtualRide,1605526753,completed
user_148,Ride,1613975558,completed
user_148,Ride,1636904918,completed
user_149,Ride,1638223554,completed
user_149,Swim,1583236304,completed
user_149,VirtualRide,1569916315,completed
user_149,Swim,1570953750,completed
user_150,VirtualRide,1589010766,completed
user_150,VirtualRide,1563820128,completed
user_150,VirtualRide,1666534007,completed
user_150,Run,1544631215,completed
user_150,VirtualRide,1596265248,completed
user_151,Ride,1634972643,completed
user_151,Ride,1606288094,completed
user_151,Run,1561907914,completed
user_151,Run,1540137276,completed
user_152,Run,1546539523,completed
user_152,VirtualRide,1597336944,completed
user_152,Swim,1583409887,completed
user_152,Run,1616427289,completed
user_153,Ride,1608194688,completed
user_153,Swim,1536664236,completed
user_153,Run,1585831344,completed
user_153,Ride,1619285101,completed
user_153,Ride,1634144237,completed
user_154,Run,1494746076,completed
user_154,VirtualRide,1548956535,completed
user_154,Swim,1565780035,completed
user_154,Ride,1599286045,completed
user_155,Run,1645549832,completed
user_155,Ride,1573283458,completed
user_155,Ride,1667635657,completed
user_155,Swim,1522147423,completed
user_156,Ride,1659708036,completed
user_156,VirtualRide,1592470996,completed
user_156,VirtualRide,1672225822,completed
user_157,VirtualRide,1638808903,completed
user_157,Run,1519918446,completed
user_157,Swim,1525187996,completed
user_157,VirtualRide,1675181060,completed
user_158,Swim,1568386094,completed
user_158,VirtualRide,1549289994,completed
user_158,Ride,1687589986,completed
user_158,Ride,1631787621,completed
user_158,Run,1502307750,completed
user_159,Run,1520853839,completed
user_159,Run,1524780622,completed
user_159,Ride,1659180594,completed
user_159,Ride,1644043824,completed
user_160,VirtualRide,1588698489,completed
user_160,Ride,1591865112,completed
user_160,VirtualRide,1541006864,completed
user_161,Run,1584693192,completed
user_161,VirtualRide,1589620377,completed
user_161,VirtualRide,1591701308,completed
user_162,Run,1545465371,completed
user_162,WeightTraining,1682620413,completed
user_162,Swim,1582202184,completed
user_162,Ride,1494060549,completed
user_162,Ride,1642586222,completed
user_163,Ride,1643443560,completed
user_163,Hike,1685521620,completed
user_163,Run,1607416597,completed
user_164,VirtualRide,1598805097,completed
user_164,Ride,1657130027,completed
user_164,Run,1598089810,completed
user_165,Ride,1535787540,completed
user_165,Ride,1685350925,completed
user_165,Swim,1536930759,completed
user_165,Ride,1662790358,completed
user_166,Walk,1692716700,completed
user_166,Run,1621322164,completed
user_166,Run,1550303516,completed
user_166,Ride,1607581854,completed
user_167,VirtualRide,1610890295,completed
user_167,Ride,1650700816,completed
user_167,Run,1645958394,completed
user_167,Run,1559894550,completed
user_168,Ride,1666423834,completed
user_168,VirtualRide,1604920209,completed
user_168,Run,1495960600,completed
user_168,Run,1569592331,completed
user_169,Ride,1589961921,completed
user_169,VirtualRide,1624707017,completed
user_169,VirtualRide,1531894451,completed
user_169,VirtualRide,1534611132,completed
user_169,Run,1541143062,completed
user_170,Ride,1544948512,completed
user_170,VirtualRide,1552373374,completed
user_170,VirtualRide,1567072526,completed
user_170,Swim,1539256439,completed
user_171,Run,1662883323,completed
user_171,Ride,1651300176,completed
user_171,VirtualRide,1618763620,completed
user_171,Ride,1594447919,completed
user_171,Run,1584259603,completed
user_172,Swim,1540293351,completed
user_172,Walk,1677856807,completed
user_172,Swim,1573217760,completed
user_172,Ride,1624733686,completed
user_172,Ride,1685179086,completed
user_173,Run,1518558077,completed
user_173,Ride,1505640988,completed
user_173,VirtualRide,1649782135,completed
user_174,Swim,1523798918,completed
user_174,VirtualRide,1688041569,completed
user_174,Ride,1556954197,completed
user_175,Ride,1630650470,completed
user_175,Ride,1627627287,completed
user_175,Ride,1673690398,completed
user_176,RockClimbing,1682877480,completed
user_176,VirtualRide,1601641912,completed
user_176,Run,1583572327,completed
user_176,VirtualRide,1600070395,completed
user_177,Walk,1677999950,completed
user_177,Run,1618078580,completed
user_177,VirtualRide,1635439575,completed
user_178,Run,1549351170,completed
user_178,Ride,1691825492,completed
user_178,VirtualRide,1652884181,completed
user_178,Swim,1571311291,completed
user_179,VirtualRide,1666718975,completed
user_179,Ride,1547022117,completed
user_179,VirtualRide,1652371216,completed
user_180,Swim,1556111237,completed
user_180,Run,1575023614,completed
user_180,Ride,1628419164,completed
user_180,VirtualRide,1690624117,completed
user_181,VirtualRide,1605681174,completed
user_181,VirtualRide,1623239854,completed
user_181,Ride,1600495963,completed
user_181,VirtualRide,1674460825,completed
user_182,VirtualRide,1615802482,completed
user_182,VirtualRide,1662988965,completed
user_182,Ride,1637942055,completed
user_182,Ride,1592316614,completed
user_183,VirtualRide,1625038032,completed
user_183,Run,1547403086,completed
user_183,Run,1586704236,completed
user_184,Run,1661767579,completed
user_184,Ride,1631947979,completed
user_184,WeightTraining,1680109800,completed
user_185,Run,1576003629,completed
user_185,VirtualRide,1659633936,completed
user_185,Run,1685468297,completed
user_186,Ride,1688801025,completed
user_186,Ride,1648626377,completed
user_186,Ride,1679731773,completed
user_186,VirtualRide,1618850307,completed
user_186,Ride,1582961664,completed
user_187,Run,1586078038,completed
user_187,Run,1567325129,completed
user_187,Run,1585991640,completed
user_188,VirtualRide,1541006199,completed
user_188,Run,1644824367,completed
user_188,Run,1529434878,completed
user_188,Run,1677749272,completed
user_189,VirtualRide,1596877101,completed
user_189,VirtualRide,1530006220,completed
user_189,Ride,1604644535,completed
user_189,Run,1575129701,completed
user_189,Run,1542736912,completed
user_190,Ride,1641999574,completed
user_190,VirtualRide,1661338443,completed
user_190,Run,1568354181,completed
user_191,Run,1502520154,completed
user_191,Ride,1596607686,completed
user_191,Run,1499930275,completed
user_191,Run,1563893677,completed
user_192,VirtualRide,1634632276,completed
user_192,VirtualRide,1580119862,completed
user_192,VirtualRide,1671554675,completed
user_193,Swim,1572267739,completed
user_193,VirtualRide,1595668569,completed
user_193,VirtualRide,1560771300,completed
user_193,VirtualRide,1664298673,completed
user_193,Swim,1651675648,completed
user_194,Run,1516946892,completed
user_194,VirtualRide,1572804476,completed
user_194,Walk,1664563261,completed
user_194,VirtualRide,1652188531,completed
user_195,Ride,1629305888,completed
user_195,VirtualRide,1658413304,completed
user_195,Run,1637580325,completed
user_196,VirtualRide,1601901236,completed
user_196,VirtualRide,1677665516,completed
user_196,Run,1569657732,completed
user_197,Ride,1632839056,completed
user_197,VirtualRide,1615308781,completed
user_197,VirtualRide,1586593875,completed
user_197,VirtualRide,1604594775,completed
user_198,VirtualRide,1565802119,completed
user_198,Swim,1522755867,completed
user_198,Ride,1606891740,completed
user_199,Ride,1595514148,completed
user_199,VirtualRide,1665748329,completed
user_199,VirtualRide,1603175856,completed
user_199,VirtualRide,1649347401,completed
user_199,Run,1576828286,completed
user_200,VirtualRide,1587798318,completed
user_200,VirtualRide,1657542315,completed
user_200,Ride,1616829967,completed
user_200,Ride,1593064743,completed
user_201,VirtualRide,1683632019,completed
user_201,VirtualRide,1682065876,completed
user_201,Ride,1493535008,completed
user_201,Ride,1613808444,completed
user_201,VirtualRide,1660051959,completed
user_202,Run,1543164704,completed
user_202,Ride,1627106324,completed
user_202,VirtualRide,1615917276,completed
user_203,Ride,1536657319,completed
user_203,VirtualRide,1675069317,completed
user_203,Run,1558020420,completed
user_204,VirtualRide,1680782391,completed
user_204,Ride,1498891718,completed
user_204,VirtualRide,1571856088,completed
user_204,Swim,1526473728,completed
user_205,Run,1548097551,completed
user_205,VirtualRide,1587282689,completed
user_205,Run,1567932440,completed
user_206,Run,1524898627,completed
user_206,Run,1624019591,completed
user_206,Run,1527523523,completed
user_206,Ride,1608877456,completed
user_207,Ride,1611990781,completed
user_207,Run,1692185516,completed
user_207,VirtualRide,1535308818,completed
user_207,Ride,1565417890,completed
user_207,Ride,1666941444,completed
user_208,Ride,1616141844,completed
user_208,Run,1571473013,completed
user_208,VirtualRide,1666117751,completed
user_209,VirtualRide,1620578524,completed
user_209,Ride,1632304775,completed
user_209,Ride,1605365162,completed
user_210,Ride,1611851160,completed
user_210,Hike,1681557310,completed
user_210,VirtualRide,1587799875,completed
user_210,VirtualRide,1663171242,completed
user_211,VirtualRide,1594187704,completed
user_211,VirtualRide,1613456419,completed
user_211,Ride,1603518567,completed
user_211,Run,1520372119,completed
user_212,Ride,1611469986,completed
user_212,Ride,1606917116,completed
user_212,Run,1625384590,completed
user_212,Ride,1674294449,completed
user_213,Swim,1528366856,completed
user_213,VirtualRide,1581498689,completed
user_213,VirtualRide,1679308235,completed
user_214,Ride,1596224007,completed
user_214,Ride,1601099030,completed
user_214,VirtualRide,1613646099,completed
user_214,Ride,1631520038,completed
user_215,VirtualRide,1643193925,completed
user_215,Run,1565362761,completed
user_215,Run,1530691907,completed
user_215,VirtualRide,1634980571,completed
user_216,Walk,1676020449,completed
user_216,Swim,1528198252,completed
user_216,VirtualRide,1611131477,completed
user_216,Ride,1654324044,completed
user_216,Run,1684437609,completed
user_217,Ride,1599977020,completed
user_217,Run,1556467460,completed
user_217,VirtualRide,1679662521,completed
user_218,VirtualRide,1653216213,completed
user_218,Ride,1526113114,completed
user_218,VirtualRide,1647517822,completed
user_219,Run,1521447250,completed
user_219,Ride,1628517313,completed
user_219,Ride,1566024729,completed
user_220,Run,1519579139,completed
user_220,Ride,1577440741,completed
user_220,VirtualRide,1650987150,completed
user_221,Ride,1638515050,completed
user_221,Walk,1677832860,completed
user_221,VirtualRide,1655986279,completed
user_221,Ride,1636525944,completed
user_222,VirtualRide,1560324453,completed
user_222,VirtualRide,1534098349,completed
user_222,VirtualRide,1579082349,completed
user_222,Run,1539615641,completed
user_223,Ride,1598470503,completed
user_223,Ride,1615201367,completed
user_223,Ride,1524155068,completed
user_223,VirtualRide,1601568844,completed
user_223,VirtualRide,1571983524,completed
user_224,Ride,1628962348,completed
user_224,Ride,1680681747,completed
user_224,VirtualRide,1555338167,completed
user_225,VirtualRide,1565170865,completed
user_225,VirtualRide,1611585352,completed
user_225,Ride,1652946945,completed
user_225,Ride,1631260634,completed
user_225,Run,1566973595,completed
user_226,Run,1616758708,completed
user_226,Run,1567246057,completed
user_226,Ride,1633682702,completed
user_226,VirtualRide,1665831423,completed
user_226,VirtualRide,1606805422,completed
user_227,Run,1581013808,completed
user_227,Ride,1516522106,completed
user_227,Run,1685001385,completed
user_227,Walk,1689363326,completed
user_228,Run,1526233760,completed
user_228,Swim,1510923628,completed
user_228,Ride,1681542063,completed
user_228,Ride,1599925333,completed
user_228,VirtualRide,1589304931,completed
user_229,VirtualRide,1593969322,completed
user_229,Ride,1521489962,completed
user_229,Run,1570959615,completed
user_229,Run,1557211260,completed
user_230,Walk,1678692360,completed
user_230,Walk,1623082490,completed
user_230,VirtualRide,1666189882,completed
user_230,Run,1585397741,completed
user_231,Run,1546538091,completed
user_231,Run,1517225191,completed
user_231,Run,1539865555,completed
user_231,Swim,1569848903,completed
user_231,Run,1618295701,completed
user_232,Ride,1613734076,completed
user_232,VirtualRide,1660991400,completed
user_232,Ride,1507968134,completed
user_232,VirtualRide,1637309481,completed
user_232,VirtualRide,1607155972,completed
user_233,VirtualRide,1602177184,completed
user_233,Run,1514927132,completed
user_233,Run,1561324943,completed
user_233,Run,1546254652,completed
user_234,Run,1575024756,completed
user_234,Ride,1522485394,completed
user_234,VirtualRide,1681225315,completed
user_234,Ride,1649660522,completed
user_235,Ride,1657867061,completed
user_235,VirtualRide,1571405116,completed
user_235,VirtualRide,1662456588,completed
user_236,VirtualRide,1589015344,completed
user_236,VirtualRide,1529743947,completed
user_236,Ride,1562397747,completed
user_236,VirtualRide,1615534083,completed
user_236,VirtualRide,1592307015,completed
user_237,VirtualRide,1599741900,completed
user_237,Swim,1521117889,completed
user_237,Run,1504080431,completed
user_237,Ride,1521878973,completed
user_237,Ride,1607844978,completed
user_238,Swim,1511183451,completed
user_238,VirtualRide,1591605792,completed
user_238,Ride,1662794343,completed
user_238,Run,1582358642,completed
user_238,Run,1663526415,completed
user_239,Swim,1535721284,completed
user_239,VirtualRide,1570096872,completed
user_239,Ride,1531406070,completed
user_239,Walk,1678432498,completed
user_240,VirtualRide,1692100702,completed
user_240,Swim,1512653626,completed
user_240,Walk,1678120440,completed
user_241,Ride,1630131256,completed
user_241,Workout,1596033775,completed
user_241,VirtualRide,1669653785,completed
user_241,Workout,1569655372,completed
user_241,Run,1550731374,completed
user_242,Ride,1608455882,completed
user_242,Ride,1628067869,completed
user_242,Run,1669801912,completed
user_242,VirtualRide,1613406428,completed
user_243,Ride,1611213727,completed
user_243,Run,1526420366,completed
user_243,GravelRide,1680939291,completed
user_244,VirtualRide,1608827309,completed
user_244,Run,1523029007,completed
user_244,Run,1638958327,completed
user_244,Ride,1663407272,completed
user_244,VirtualRide,1554287894,completed
user_245,Swim,1525694042,completed
user_245,VirtualRide,1587663529,completed
user_245,Ride,1638187118,completed
user_246,WeightTraining,1680891855,completed
user_246,Swim,1531381770,completed
user_246,Ride,1640771942,completed
user_246,VirtualRide,1673596811,completed
user_247,Run,1623222015,completed
user_247,Ride,1617706631,completed
user_247,Ride,1532585884,completed
user_248,VirtualRide,1599587197,completed
user_248,VirtualRide,1654450105,completed
user_248,Hike,1663061177,completed
user_249,VirtualRide,1529432141,completed
user_249,VirtualRide,1665422626,completed
user_249,Swim,1581422196,completed
user_249,Ride,1507359937,completed
user_249,Run,1691139530,completed
user_250,Swim,1520943395,completed
user_250,VirtualRide,1623824111,completed
user_250,Ride,1599293680,completed
user_251,VirtualRide,1676307904,completed
user_251,Run,1651515282,completed
user_251,VirtualRide,1637075022,completed
user_251,VirtualRide,1605113797,completed
user_252,VirtualRide,1600262019,completed
user_252,Run,1644340422,completed
user_252,Ride,1634406480,completed
user_252,Swim,1532676798,completed
user_252,VirtualRide,1588875010,completed
user_253,Swim,1528034007,completed
user_253,Ride,1613198518,completed
user_253,Run,1692902971,completed
user_253,VirtualRide,1579718309,completed
user_253,Run,1584087390,completed
user_254,Ride,1648796514,completed
user_254,VirtualRide,1663263933,completed
user_254,VirtualRide,1692792312,completed
user_255,Ride,1673681600,completed
user_255,VirtualRide,1569312029,completed
user_255,VirtualRide,1639135749,completed
user_255,Ride,1673258676,completed
user_256,Run,1689505503,completed
user_256,VirtualRide,1639584029,completed
user_256,Run,1671624261,completed
user_256,VirtualRide,1608655242,completed
user_257,VirtualRide,1591005533,completed
user_257,VirtualRide,1563215759,completed
user_257,Swim,1519806552,completed
user_257,Ride,1613558204,completed
user_257,Swim,1565955456,completed
user_258,Run,1538925245,completed
user_258,Run,1500628016,completed
user_258,Ride,1629276838,completed
user_258,VirtualRide,1585156766,completed
user_259,Run,1664184136,completed
user_259,VirtualRide,1625742867,completed
user_259,VirtualRide,1556719685,completed
user_260,VirtualRide,1652808209,completed
user_260,VirtualRide,1635235551,completed
user_260,Run,1501700799,completed
user_260,Ride,1632758517,completed
user_261,VirtualRide,1588182412,completed
user_261,Run,1597172642,completed
user_261,VirtualRide,1673433069,completed
user_262,VirtualRide,1592144949,completed
user_262,Swim,1572614239,completed
user_262,Run,1575129743,completed
user_263,VirtualRide,1686853870,completed
user_263,Ride,1691218843,completed
user_263,WeightTraining,1680551279,completed
user_263,VirtualRide,1640172389,completed
user_264,VirtualRide,1616058134,completed
user_264,VirtualRide,1561485533,completed
user_264,Ride,1685340452,completed
user_264,VirtualRide,1538409916,completed
user_264,Run,1539614281,completed
user_265,Swim,1525782058,completed
user_265,Swim,1524746588,completed
user_265,VirtualRide,1547573095,completed
user_266,Ride,1590080693,completed
user_266,VirtualRide,1659459224,completed
user_266,Ride,1544082508,completed
user_266,Ride,1520248963,completed
user_267,VirtualRide,1598204467,completed
user_267,Ride,1598032035,completed
user_267,Run,1576660278,completed
user_267,Ride,1570261830,completed
user_268,VirtualRide,1531664651,completed
user_268,Ride,1628931791,completed
user_268,Ride,1659165864,completed
user_268,Ride,1685789127,completed
user_268,Run,1690960567,completed
user_269,Run,1564510047,completed
user_269,Run,1642317751,completed
user_269,Ride,1523177950,completed
user_270,Run,1687933758,completed
user_270,Ride,1631084763,completed
user_270,Ride,1664994506,completed
user_270,VirtualRide,1623672076,completed
user_270,Ride,1632557163,completed
user_271,VirtualRide,1692547269,completed
user_271,Run,1616488673,completed
user_271,Ride,1596700725,completed
user_271,VirtualRide,1662138070,completed
user_271,Ride,1688918026,completed
user_272,Swim,1529497232,completed
user_272,Run,1683447706,completed
user_272,VirtualRide,1660909353,completed
user_273,VirtualRide,1595077773,completed
user_273,VirtualRide,1672225287,completed
user_273,Run,1674633714,completed
user_273,Swim,1528790279,completed
user_274,Ride,1590480311,completed
user_274,VirtualRide,1617175477,completed
user_274,Ride,1546678416,completed
user_274,Run,1547051297,completed
user_275,Ride,1537513725,completed
user_275,Ride,1642580204,completed
user_275,Ride,1672999952,completed
user_275,Ride,1630483205,completed
user_276,Run,1556176173,completed
user_276,Ride,1640426284,completed
user_276,Run,1509433320,completed
user_277,VirtualRide,1634563889,completed
user_277,Run,1572688288,completed
user_277,VirtualRide,1595398076,completed
user_278,Run,1576490205,completed
user_278,Run,1687436990,completed
user_278,Swim,1581421366,completed
user_278,Run,1684781953,completed
user_278,Ride,1628673064,completed
user_279,Ride,1667153445,completed
user_279,VirtualRide,1592308410,completed
user_279,VirtualRide,1659698768,completed
user_279,Ride,1591356535,completed
user_279,VirtualRide,1588353839,completed
user_280,VirtualRide,1613026910,completed
user_280,Run,1554793382,completed
user_280,WeightTraining,1683023459,completed
user_281,VirtualRide,1689322994,completed
user_281,VirtualRide,1682157772,completed
user_281,Ride,1675494440,completed
user_281,Hike,1688302491,completed
user_281,Ride,1639307106,completed
user_282,Ride,1686320267,completed
user_282,VirtualRide,1531153702,completed
user_282,Run,1551020892,completed
user_282,Ride,1677399751,completed
user_283,WeightTraining,1681158695,completed
user_283,Ride,1608652981,completed
user_283,VirtualRide,1617088456,completed
user_283,WeightTraining,1681473162,completed
user_284,WeightTraining,1685646956,completed
user_284,Run,1495690894,completed
user_284,VirtualRide,1551898988,completed
user_284,Ride,1639819247,completed
user_284,Run,1537724223,completed
user_285,VirtualRide,1601574189,completed
user_285,Walk,1678605300,completed
user_285,VirtualRide,1670951181,completed
user_285,Swim,1651071600,completed
user_286,Swim,1555506432,completed
user_286,Ride,1612088842,completed
user_286,Run,1585069539,completed
user_287,VirtualRide,1684258892,completed
user_287,Run,1499067415,completed
user_287,Ride,1622046604,completed
user_287,Run,1581931174,completed
user_287,VirtualRide,1683892252,completed
user_288,Ride,1651822597,completed
user_288,VirtualRide,1686060168,completed
user_288,Swim,1527597331,completed
user_288,Swim,1583247844,completed
user_288,VirtualRide,1607152637,completed
user_289,Swim,1533625939,completed
user_289,Swim,1537535577,completed
user_289,Ride,1542633828,completed
user_289,VirtualRide,1619692716,completed
user_290,VirtualRide,1601040533,completed
user_290,VirtualRide,1656407073,completed
user_290,Run,1672332683,completed
user_290,Ride,1556350279,completed
user_290,VirtualRide,1669121532,completed
user_291,VirtualRide,1586973817,completed
user_291,Ride,1682667821,completed
user_291,Run,1544540886,completed
user_291,Ride,1627981256,completed
user_291,Ride,1670661396,completed
user_292,VirtualRide,1562838014,completed
user_292,Run,1493915795,completed
user_292,VirtualRide,1684672237,completed
user_293,Walk,1690436940,completed
user_293,Ride,1561790578,completed
user_293,Run,1537811492,completed
user_293,Ride,1650875234,completed
user_293,Run,1623741100,completed
user_294,Swim,1525352059,completed
user_294,Run,1555259445,completed
user_294,VirtualRide,1693310465,completed
user_295,Run,1569146686,completed
user_295,Ride,1593240772,completed
user_295,VirtualRide,1592650297,completed
user_296,Run,1583841281,completed
user_296,WeightTraining,1685475632,completed
user_296,Run,1579000711,completed
user_297,Ride,1627718347,completed
user_297,Run,1513669884,completed
user_297,VirtualRide,1596974434,completed
user_298,Ride,1618987407,completed
user_298,Ride,1506157439,completed
user_298,VirtualRide,1580121866,completed
user_298,Run,1547193123,completed
user_299,Run,1558504992,completed
user_299,Run,1654756174,completed
user_299,Swim,1531814388,completed
user_299,Swim,1577452367,completed
user_300,VirtualRide,1571853771,completed
user_300,WeightTraining,1683636569,completed
user_300,Run,1626093609,completed
user_300,Run,1576419792,completed
user_300,Hike,1614515878,completed
user_301,Run,1687189938,completed
user_301,Ride,1612780176,completed
user_301,VirtualRide,1570522772,completed
user_301,Hike,1673604498,completed
user_301,VirtualRide,1680514066,completed
user_302,VirtualRide,1594382378,completed
user_302,VirtualRide,1658238994,completed
user_302,Run,1565853970,completed
user_302,VirtualRide,1590245112,completed
user_303,Run,1523966915,completed
user_303,Run,1557756676,completed
user_303,Run,1544809273,completed
user_304,Run,1580840208,completed
user_304,Run,1692354158,completed
user_304,Ride,1650871128,completed
user_305,Run,1624346933,completed
user_305,Ride,1670067383,completed
user_305,Ride,1609915066,completed
user_305,VirtualRide,1656327674,completed
user_305,Ride,1607957327,completed
user_306,VirtualRide,1606734427,completed
user_306,Swim,1534326226,completed
user_306,VirtualRide,1583313469,completed
user_306,StandUpPaddling,1649415243,completed
user_306,VirtualRide,1580899354,completed
user_307,Run,1529823663,completed
user_307,VirtualRide,1588411736,completed
user_307,Ride,1604037541,completed
user_307,Ride,1644563049,completed
user_308,Ride,1621764136,completed
user_308,Run,1521888427,completed
user_308,VirtualRide,1611132863,completed
user_308,Run,1622529074,completed
user_309,Run,1640075236,completed
user_309,Run,1585993065,completed
user_309,Hike,1625311896,completed
user_310,Run,1567936150,completed
user_310,Run,1569142866,completed
user_310,VirtualRide,1590046588,completed
user_310,VirtualRide,1598000434,completed
user_311,Ride,1658304002,completed
user_311,Ride,1628578925,completed
user_311,Ride,1554368645,completed
user_311,VirtualRide,1659780036,completed
user_311,VirtualRide,1603109784,completed
user_312,VirtualRide,1617863380,completed
user_312,VirtualRide,1622212885,completed
user_312,VirtualRide,1597590610,completed
user_313,VirtualRide,1602783280,completed
user_313,Run,1554543400,completed
user_313,Run,1558677395,completed
user_314,VirtualRide,1554655169,completed
user_314,Run,1558168847,completed
user_314,VirtualRide,1539790401,completed
user_315,Run,1582048333,completed
user_315,VirtualRide,1535394461,completed
user_315,VirtualRide,1530561238,completed
user_316,Run,1583140647,completed
user_316,Ride,1609568265,completed
user_316,VirtualRide,1685694651,completed
user_316,VirtualRide,1588009654,completed
user_316,VirtualRide,1615723553,completed
user_317,VirtualRide,1579781205,completed
user_317,Ride,1628146732,completed
user_317,VirtualRide,1553689534,completed
user_317,VirtualRide,1687807771,completed
user_317,VirtualRide,1681469019,completed
user_318,VirtualRide,1590337129,completed
user_318,VirtualRide,1606219388,completed
user_318,Swim,1536232360,completed
user_319,Ride,1614768917,completed
user_319,VirtualRide,1584776019,completed
user_319,VirtualRide,1644255008,completed
user_320,Ride,1528891404,completed
user_320,Ride,1661072243,completed
user_320,VirtualRide,1656410555,completed
user_321,Ride,1598336439,completed
user_321,Walk,1608737254,completed
user_321,VirtualRide,1614338965,completed
user_321,Ride,1517725496,completed
user_321,Ride,1648147792,completed
user_322,Run,1561060403,completed
user_322,VirtualRide,1563288150,completed
user_322,Run,1547190589,completed
user_322,Ride,1629878443,completed
user_322,Walk,1678081893,completed
user_323,VirtualRide,1589823446,completed
user_323,Run,1689695132,completed
user_323,Run,1623914995,completed
user_324,VirtualRide,1684942389,completed
user_324,Run,1510640692,completed
user_324,VirtualRide,1585743698,completed
user_324,Ride,1610607527,completed
user_324,Run,1570602704,completed
user_325,Run,1517952803,completed
user_325,VirtualRide,1594020619,completed
user_325,VirtualRide,1589478419,completed
user_325,Run,1528308352,completed
user_325,Run,1503478250,completed
user_326,VirtualRide,1644922839,completed
user_326,VirtualRide,1661952071,completed
user_326,VirtualRide,1586886143,completed
user_326,VirtualRide,1690902183,completed
user_326,VirtualRide,1584555955,completed
user_327,Swim,1567505760,completed
user_327,Run,1524521144,completed
user_327,Ride,1605250724,completed
user_328,Walk,1678379313,completed
user_328,VirtualRide,1567171829,completed
user_328,VirtualRide,1586362053,completed
user_328,Swim,1582025566,completed
user_329,Ride,1543649283,completed
user_329,Run,1607702757,completed
user_329,Ride,1645778375,completed
user_329,Ride,1604471488,completed
user_329,Ride,1593758784,completed
user_330,Run,1597926052,completed
user_330,Ride,1635577906,completed
user_330,Run,1620888476,completed
user_331,Ride,1629567637,completed
user_331,VirtualRide,1672761674,completed
user_331,VirtualRide,1622478911,completed
user_331,Ride,1495524327,completed
user_332,Run,1540828043,completed
user_332,VirtualRide,1589392245,completed
user_332,Ride,1561185872,completed
user_332,Run,1565594568,completed
user_333,Swim,1541164348,completed
user_333,VirtualRide,1606141345,completed
user_333,VirtualRide,1585324262,completed
user_333,Ride,1595788152,completed
user_333,Run,1683183431,completed
user_334,Swim,1551605044,completed
user_334,Hike,1637403276,completed
user_334,Ride,1588485598,completed
user_335,VirtualRide,1587803284,completed
user_335,Ride,1609055336,completed
user_335,Ride,1604990407,completed
user_336,Run,1596821727,completed
user_336,VirtualRide,1570523787,completed
user_336,Hike,1528745820,completed
user_336,Run,1563429934,completed
user_337,VirtualRide,1609679735,completed
user_337,Run,1537449549,completed
user_337,Run,1612865142,completed
user_337,VirtualRide,1622313516,completed
user_338,Run,1623740468,completed
user_338,Ride,1650096043,completed
user_338,Run,1669278516,completed
user_338,WeightTraining,1685894212,completed
user_339,Run,1538588273,completed
user_339,Ride,1651243111,completed
user_339,VirtualRide,1655537430,completed
user_340,Workout,1677882219,completed
user_340,Ride,1597276107,completed
user_340,Swim,1531380988,completed
user_341,VirtualRide,1567448141,completed
user_341,Run,1568958937,completed
user_341,VirtualRide,1635177096,completed
user_342,VirtualRide,1687261368,completed
user_342,Run,1577543105,completed
user_342,Ride,1610955350,completed
user_342,Run,1558382285,completed
user_343,Run,1519057064,completed
user_343,VirtualRide,1667494740,completed
user_343,Ride,1689921127,completed
user_343,Run,1498636070,completed
user_343,Ride,1629199949,completed
user_344,Run,1504339371,completed
user_344,Run,1563640841,completed
user_344,Ride,1602141008,completed
user_345,Run,1548312295,completed
user_345,Run,1621924573,completed
user_345,Ride,1676619359,completed
user_346,VirtualRide,1607151893,completed
user_346,VirtualRide,1649785523,completed
user_346,Ride,1627822926,completed
user_346,Ride,1619937771,completed
user_347,Ride,1525505736,completed
user_347,Run,1544807952,completed
user_347,VirtualRide,1622804127,completed
user_348,Run,1654072399,completed
user_348,VirtualRide,1593675025,completed
user_348,Hike,1614673528,completed
user_349,Swim,1539954289,completed
user_349,Ride,1633622366,completed
user_349,Run,1682869748,completed
user_350,VirtualRide,1653325225,completed
user_350,Ride,1515602869,completed
user_350,VirtualRide,1602849609,completed
user_350,Ride,1634556601,completed
user_351,Run,1513761593,completed
user_351,WeightTraining,1684947337,completed
user_351,Ride,1612975790,completed
user_351,Run,1555002544,completed
user_352,Run,1514016944,completed
user_352,VirtualRide,1620658194,completed
user_352,Run,1644998503,completed
user_352,Swim,1580383933,completed
user_353,VirtualRide,1572938648,completed
user_353,VirtualRide,1692180961,completed
user_353,Ride,1655451140,completed
user_353,VirtualRide,1666800149,completed
user_354,VirtualRide,1595766055,completed
user_354,VirtualRide,1586597553,completed
user_354,Swim,1531051038,completed
user_355,Ride,1625898181,completed
user_355,Run,1530432042,completed
user_355,Run,1519199877,completed
user_356,Ride,1626027009,completed
user_356,VirtualRide,1612783877,completed
user_356,VirtualRide,1679224618,completed
user_356,Ride,1608708344,completed
user_356,Run,1547970350,completed
user_357,VirtualRide,1669914391,completed
user_357,Ride,1662189625,completed
user_357,Run,1518989656,completed
user_357,Ride,1597385462,completed
user_358,Run,1643273844,completed
user_358,Run,1570868033,completed
user_358,Ride,1598900963,completed
user_358,Run,1619159595,completed
user_358,VirtualRide,1530781116,completed
user_359,Run,1619765224,completed
user_359,Run,1582535844,completed
user_359,VirtualRide,1585929761,completed
user_359,Run,1561370254,completed
user_359,Run,1496911150,completed
user_360,Run,1642674473,completed
user_360,VirtualRide,1691506879,completed
user_360,VirtualRide,1659874145,completed
user_360,VirtualRide,1580290698,completed
user_361,Run,1575705013,completed
user_361,VirtualRide,1536517725,completed
user_361,VirtualRide,1661860642,completed
user_362,VirtualRide,1652099012,completed
user_362,VirtualRide,1648227429,completed
user_362,VirtualRide,1674151090,completed
user_362,VirtualRide,1607762726,completed
user_363,Run,1583689678,completed
user_363,Ride,1545240508,completed
user_363,Ride,1599114859,completed
user_363,Ride,1505548868,completed
user_364,WeightTraining,1684676451,completed
user_364,VirtualRide,1599399214,completed
user_364,Ride,1595571629,completed
user_365,VirtualRide,1594141516,completed
user_365,Run,1514708535,completed
user_365,Run,1576087689,completed
user_365,Run,1625335652,completed
user_365,Ride,1523900307,completed
user_366,Ride,1600281602,completed
user_366,VirtualRide,1679922021,completed
user_366,Run,1593530680,completed
user_367,Run,1532502391,completed
user_367,Ride,1493362973,completed
user_367,Ride,1617346419,completed
user_368,VirtualRide,1636471875,completed
user_368,Ride,1624774300,completed
user_368,Ride,1584987137,completed
user_369,Run,1577547086,completed
user_369,Ride,1537977348,completed
user_369,Swim,1581593987,completed
user_369,Run,1646155059,completed
user_370,VirtualRide,1638183918,completed
user_370,VirtualRide,1590246433,completed
user_370,Ride,1592030731,completed
user_371,VirtualRide,1616680270,completed
user_371,Ride,1643563296,completed
user_371,Ride,1631607268,completed
user_372,Ride,1513590439,completed
user_372,Run,1527948392,completed
user_372,Swim,1551272984,completed
user_372,VirtualRide,1589715892,completed
user_372,Run,1617299556,completed
user_373,Ride,1682753895,completed
user_373,Ride,1621756573,completed
user_373,Run,1535627506,completed
user_374,VirtualRide,1594916490,completed
user_374,VirtualRide,1614272475,completed
user_374,VirtualRide,1682615349,completed
user_375,Ride,1629628329,completed
user_375,Ride,1516116701,completed
user_375,Ride,1631343363,completed
user_375,Ride,1658475344,completed
user_375,Walk,1668872239,completed
user_376,Ride,1629630599,completed
user_376,Ride,1606027231,completed
user_376,VirtualRide,1614783336,completed
user_376,VirtualRide,1611387393,completed
user_376,VirtualRide,1688923272,completed
user_377,Run,1569391920,completed
user_377,VirtualRide,1533926887,completed
user_377,VirtualRide,1600866524,completed
user_377,VirtualRide,1610521528,completed
user_378,Run,1618768172,completed
user_378,Run,1584375042,completed
user_378,Ride,1493232551,completed
user_379,Run,1692802932,completed
user_379,Ride,1599842090,completed
user_379,VirtualRide,1532244769,completed
user_380,Hike,1669383484,completed
user_380,Ride,1548493427,completed
user_380,Swim,1523448672,completed
user_380,Ride,1651251508,completed
user_380,Ride,1599865768,completed
user_381,Ride,1595235536,completed
user_381,VirtualRide,1613894409,completed
user_381,Run,1527718109,completed
user_381,VirtualRide,1664890472,completed
user_382,Ride,1569655576,completed
user_382,Run,1549522932,completed
user_382,VirtualRide,1664297884,completed
user_382,Hike,1679996220,completed
user_383,VirtualRide,1589905089,completed
user_383,Run,1584865369,completed
user_383,VirtualRide,1636962414,completed
user_383,Run,1688578255,completed
user_383,Run,1550394245,completed
user_384,VirtualRide,1623060091,completed
user_384,Ride,1614184359,completed
user_384,Ride,1569049055,completed
user_384,VirtualRide,1592305156,completed
user_384,VirtualRide,1588615061,completed
user_385,VirtualRide,1648481578,completed
user_385,VirtualRide,1602680629,completed
user_385,Ride,1629792035,completed
user_385,Walk,1655103016,completed
user_385,Ride,1643614515,completed
user_386,Ride,1663395924,completed
user_386,Run,1691744369,completed
user_386,Ride,1626890016,completed
user_386,Run,1690103450,completed
user_387,VirtualRide,1608366677,completed
user_387,Run,1528615475,completed
user_387,Ride,1614409132,completed
user_388,Swim,1521541780,completed
user_388,Run,1654581441,completed
user_388,Ride,1607064793,completed
user_389,VirtualRide,1640170945,completed
user_389,Run,1620109782,completed
user_389,Run,1516293341,completed
user_389,VirtualRide,1595955980,completed
user_389,Run,1586195013,completed
user_390,Ride,1671264394,completed
user_390,Run,1566155079,completed
user_390,Ride,1591429433,completed
user_390,VirtualRide,1617777027,completed
user_391,Run,1531075344,completed
user_391,Run,1645959938,completed
user_391,Ride,1679739673,completed
user_391,VirtualRide,1603733543,completed
user_392,Ride,1612604814,completed
user_392,Run,1575707140,completed
user_392,Ride,1632481540,completed
user_392,Ride,1626887675,completed
user_393,Run,1549213821,completed
user_393,Ride,1637390149,completed
user_393,Run,1516031573,completed
user_394,Ride,1691835667,completed
user_394,VirtualRide,1681971806,completed
user_394,Ride,1570955900,completed
user_394,Swim,1580211831,completed
user_394,Run,1500879962,completed
user_395,Ride,1606545681,completed
user_395,VirtualRide,1601814202,completed
user_395,Run,1501147961,completed
user_395,VirtualRide,1676701805,completed
user_395,VirtualRide,1590415245,completed
user_396,Ride,1600754832,completed
user_396,Run,1503610523,completed
user_396,Swim,1538651702,completed
user_396,Ride,1634379209,completed
user_396,Walk,1677691597,completed
user_397,VirtualRide,1665071402,completed
user_397,Ride,1645262347,completed
user_397,Swim,1532420947,completed
user_398,Swim,1533905104,completed
user_398,Run,1518124536,completed
user_398,Ride,1495351237,completed
user_398,Run,1643128858,completed
user_398,Run,1496208635,completed
user_399,Ride,1595604187,completed
user_399,Ride,1647676125,completed
user_399,VirtualRide,1679482179,completed
user_400,Swim,1582805595,completed
user_400,Run,1586455160,completed
user_400,Swim,1691927760,completed
user_400,Swim,1552914704,completed
user_400,Ride,1595514600,completed
user_401,Ride,1500016952,completed
user_401,Ride,1639211864,completed
user_401,Ride,1552203750,completed
user_402,Ride,1629527822,completed
user_402,Ride,1541611864,completed
user_402,VirtualRide,1598707975,completed
user_403,Ride,1538120945,completed
user_403,VirtualRide,1556554533,completed
user_403,VirtualRide,1603988072,completed
user_403,Swim,1518780866,completed
user_403,VirtualRide,1666879300,completed
user_404,Hike,1616843394,completed
user_404,Ride,1541315621,completed
user_404,Run,1673546796,completed
user_404,Ride,1691004389,completed
user_405,Workout,1529049454,completed
user_405,VirtualRide,1651648240,completed
user_405,Ride,1505548868,completed
user_405,Run,1568271274,completed
user_406,Ride,1673254622,completed
user_406,VirtualRide,1689766549,completed
user_406,Ride,1620972042,completed
user_406,Ride,1597048695,completed
user_406,Run,1567576357,completed
user_407,VirtualRide,1648555250,completed
user_407,Swim,1535454680,completed
user_407,Ride,1500923686,completed
user_408,Ride,1626333441,completed
user_408,Run,1522616829,completed
user_408,Ride,1631030460,completed
user_408,Swim,1533623303,completed
user_408,Ride,1584442317,completed
user_409,Ride,1589091280,completed
user_409,VirtualRide,1566224450,completed
user_409,VirtualRide,1554147972,completed
user_409,Swim,1538744650,completed
user_410,Run,1577357930,completed
user_410,Run,1524420256,completed
user_410,Run,1616688795,completed
user_410,Ride,1544658001,completed
user_410,Ride,1679122840,completed
user_411,VirtualRide,1604250864,completed
user_411,VirtualRide,1587052997,completed
user_411,Ride,1615018197,completed
user_411,VirtualRide,1536602442,completed
user_411,VirtualRide,1610453933,completed
user_412,Ride,1607673925,completed
user_412,WeightTraining,1679938080,completed
user_412,Swim,1519644604,completed
user_412,Run,1528787366,completed
user_413,VirtualRide,1643815788,completed
user_413,Ride,1590824909,completed
user_413,Swim,1582198223,completed
user_413,VirtualRide,1536305040,completed
user_413,VirtualRide,1683711067,completed
user_414,Run,1563522054,completed
user_414,Run,1563735272,completed
user_414,VirtualRide,1635780611,completed
user_414,VirtualRide,1529307842,completed
user_414,VirtualRide,1590243334,completed
user_415,Hike,1688217097,completed
user_415,Ride,1679938295,completed
user_415,Run,1654930382,completed
user_415,Ride,1509177452,completed
user_416,Run,1675267886,completed
user_416,Run,1517496692,completed
user_416,Ride,1591811023,completed
user_416,Swim,1517830319,completed
user_416,Ride,1692426566,completed
user_417,VirtualRide,1598986999,completed
user_417,Run,1516118562,completed
user_417,VirtualRide,1596095777,completed
user_417,VirtualRide,1650560200,completed
user_417,VirtualRide,1670257849,completed
user_418,Swim,1572869257,completed
user_418,VirtualRide,1608659342,completed
user_418,Run,1531386046,completed
user_418,VirtualRide,1610087778,completed
user_418,Run,1545336156,completed
user_419,Swim,1518020584,completed
user_419,Ride,1632641757,completed
user_419,VirtualRide,1661339434,completed
user_419,Swim,1534327237,completed
user_420,Ride,1669451753,completed
user_420,Run,1540401386,completed
user_420,Swim,1573220190,completed
user_421,Ride,1564210479,completed
user_421,Ride,1679992495,completed
user_421,VirtualRide,1648399227,completed
user_422,Ride,1630913475,completed
user_422,Run,1496991313,completed
user_422,Swim,1518698549,completed
user_422,VirtualRide,1638892996,completed
user_422,Run,1528527135,completed
user_423,VirtualRide,1606394711,completed
user_423,VirtualRide,1646034855,completed
user_423,Run,1525190441,completed
user_424,VirtualRide,1588095916,completed
user_424,Walk,1680353561,completed
user_424,Ride,1534313686,completed
user_424,Run,1511332115,completed
user_424,Run,1654931117,completed
user_425,Ride,1604386492,completed
user_425,Ride,1519058498,completed
user_425,Ride,1629389016,completed
user_426,Run,1569391923,completed
user_426,Swim,1649252603,completed
user_426,VirtualRide,1570865115,completed
user_426,VirtualRide,1677085390,completed
user_427,VirtualRide,1589910479,completed
user_427,Run,1583844406,completed
user_427,Ride,1634316779,completed
user_428,VirtualRide,1680617934,completed
user_428,VirtualRide,1620801838,completed
user_428,VirtualRide,1553092061,completed
user_429,Ride,1601703394,completed
user_429,Hike,1675932726,completed
user_429,Swim,1540559533,completed
user_429,VirtualRide,1609827700,completed
user_430,VirtualRide,1667321903,completed
user_430,Ride,1665912373,completed
user_430,Run,1524158800,completed
user_430,Swim,1655022367,completed
user_430,WeightTraining,1682263490,completed
user_431,Run,1585507052,completed
user_431,VirtualRide,1675593601,completed
user_431,Workout,1561840311,completed
user_431,VirtualRide,1613978019,completed
user_431,Run,1671183095,completed
user_432,Run,1564064579,completed
user_432,Run,1530257476,completed
user_432,Run,1516685465,completed
user_432,Swim,1534082302,completed
user_432,Ride,1518899702,completed
user_433,VirtualRide,1589615299,completed
user_433,Run,1538290487,completed
user_433,Run,1565507574,completed
user_433,VirtualRide,1656867740,completed
user_433,Swim,1529911526,completed
user_434,Ride,1612457690,completed
user_434,Run,1546420423,completed
user_434,VirtualRide,1673973911,completed
user_435,Ride,1630848888,completed
user_435,Walk,1693057152,completed
user_435,VirtualRide,1683017977,completed
user_435,Run,1625124512,completed
user_436,Run,1514707024,completed
user_436,VirtualRide,1604596106,completed
user_436,Swim,1539349427,completed
user_437,VirtualRide,1540218045,completed
user_437,Swim,1518364469,completed
user_437,Ride,1566630658,completed
user_438,Run,1566764555,completed
user_438,VirtualRide,1553329685,completed
user_438,Run,1578119348,completed
user_439,Run,1525354018,completed
user_439,Walk,1651329688,completed
user_439,VirtualRide,1554908002,completed
user_439,VirtualRide,1590746890,completed
user_439,Run,1532679820,completed
user_440,Ride,1581761531,completed
user_440,Swim,1520412913,completed
user_440,Swim,1540898252,completed
user_440,VirtualRide,1535306874,completed
user_440,VirtualRide,1567674612,completed
user_441,Ride,1629100686,completed
user_441,Workout,1523176574,completed
user_441,VirtualRide,1581681625,completed
user_442,Run,1528959816,completed
user_442,Swim,1534688832,completed
user_442,VirtualRide,1663693202,completed
user_442,Ride,1630218553,completed
user_442,Ride,1564736956,completed
user_443,Ride,1559979357,completed
user_443,Ride,1624256535,completed
user_443,Run,1568785377,completed
user_444,VirtualRide,1580028120,completed
user_444,VirtualRide,1602505904,completed
user_444,Ride,1632240095,completed
user_444,Ride,1631642989,completed
user_444,Ride,1576339208,completed
user_445,Ride,1567491755,completed
user_445,Swim,1566825049,completed
user_445,Ride,1582285787,completed
user_445,Run,1504727504,completed
user_445,Swim,1581992721,completed
user_446,Run,1557474631,completed
user_446,Swim,1569496875,completed
user_446,Swim,1553876581,completed
user_447,Ride,1538118638,completed
user_447,Run,1570384310,completed
user_447,Swim,1512655811,completed
user_448,Run,1516775171,completed
user_448,Swim,1539688512,completed
user_448,Run,1521889628,completed
user_448,Run,1617092220,completed
user_449,Ride,1630393587,completed
user_449,VirtualRide,1599051503,completed
user_449,Run,1522876087,completed
user_449,Run,1638259058,completed
user_449,Ride,1627195135,completed
user_450,Ride,1636562504,completed
user_450,VirtualRide,1592557174,completed
user_450,Ride,1581237666,completed
user_450,Swim,1532334767,completed
user_450,VirtualRide,1587195913,completed
user_451,VirtualRide,1642523972,completed
user_451,Ride,1596175574,completed
user_451,Ride,1639994613,completed
user_452,VirtualRide,1586539471,completed
user_452,Run,1536909573,completed
user_452,VirtualRide,1621184459,completed
user_452,Swim,1521800051,completed
user_453,Run,1565103921,completed
user_453,Ride,1646479002,completed
user_453,Run,1529915434,completed
user_454,Ride,1684482486,completed
user_454,VirtualRide,1598596226,completed
user_454,Run,1637827489,completed
user_455,Run,1581325461,completed
user_455,Run,1621493769,completed
user_455,VirtualRide,1611643970,completed
user_456,Run,1545039126,completed
user_456,Swim,1533367806,completed
user_456,VirtualRide,1559546202,completed
user_456,VirtualRide,1608979206,completed
user_456,Run,1547456475,completed
user_457,VirtualRide,1597500028,completed
user_457,VirtualRide,1675338829,completed
user_457,VirtualRide,1655807733,completed
user_457,Hike,1617101975,completed
user_457,VirtualRide,1611128106,completed
user_458,VirtualRide,1655398791,completed
user_458,Ride,1619330401,completed
user_458,Ride,1522657792,completed
user_459,VirtualRide,1582880945,completed
user_459,Swim,1598171481,completed
user_459,Swim,1527595571,completed
user_460,Ride,1630738642,completed
user_460,Run,1517728244,completed
user_460,Ride,1633971844,completed
user_461,Run,1529577890,completed
user_461,VirtualRide,1603866147,completed
user_461,Run,1548406828,completed
user_462,Run,1623063953,completed
user_462,Ride,1626942500,completed
user_462,WeightTraining,1684091194,completed
user_462,VirtualRide,1616484845,completed
user_462,Swim,1530518369,completed
user_463,Run,1545214888,completed
user_463,Run,1654673321,completed
user_463,VirtualRide,1644427846,completed
user_463,VirtualRide,1595523432,completed
user_463,Ride,1596270777,completed
user_464,VirtualRide,1606393214,completed
user_464,VirtualRide,1618208812,completed
user_464,VirtualRide,1675777142,completed
user_465,Walk,1681392534,completed
user_465,VirtualRide,1596557716,completed
user_465,Ride,1689407404,completed
user_466,VirtualRide,1598875284,completed
user_466,VirtualRide,1673186413,completed
user_466,Run,1555665170,completed
user_466,Ride,1526569143,completed
user_467,Ride,1657348220,completed
user_467,VirtualRide,1666367958,completed
user_467,VirtualRide,1653324379,completed
user_467,Swim,1534838206,completed
user_467,VirtualRide,1655984556,completed
user_468,VirtualRide,1635238639,completed
user_468,Swim,1554728570,completed
user_468,VirtualRide,1588959563,completed
user_468,Ride,1594485985,completed
user_468,VirtualRide,1557563026,completed
user_469,Swim,1630243388,completed
user_469,VirtualRide,1589616913,completed
user_469,Swim,1569654555,completed
user_469,VirtualRide,1642777267,completed
user_470,Run,1520522065,completed
user_470,VirtualRide,1686996153,completed
user_470,Swim,1523176327,completed
user_471,Run,1692046113,completed
user_471,VirtualRide,1587404658,completed
user_471,VirtualRide,1595870393,completed
user_472,VirtualRide,1645688817,completed
user_472,VirtualRide,1657216217,completed
user_472,Walk,1677057078,completed
user_472,Ride,1619629532,completed
user_472,Run,1674232311,completed
user_473,VirtualRide,1617295435,completed
user_473,VirtualRide,1595235757,completed
user_473,VirtualRide,1610361094,completed
user_473,Hike,1662031946,completed
user_474,Run,1528960535,completed
user_474,Ride,1623564087,completed
user_474,Swim,1530604875,completed
user_475,VirtualRide,1665750685,completed
user_475,Run,1531897310,completed
user_475,VirtualRide,1598875703,completed
user_475,Swim,1580484026,completed
user_475,VirtualRide,1530559751,completed
user_476,Ride,1559048596,completed
user_476,Ride,1650009730,completed
user_476,Run,1493534990,completed
user_477,Ride,1615619304,completed
user_477,Run,1518246229,completed
user_477,VirtualRide,1668604470,completed
user_477,VirtualRide,1600363600,completed
user_477,RockClimbing,1675615140,completed
user_478,Walk,1678951740,completed
user_478,VirtualRide,1547287718,completed
user_478,Run,1622705311,completed
user_478,Run,1654962683,completed
user_479,VirtualRide,1624895976,completed
user_479,VirtualRide,1557072333,completed
user_479,Run,1522401632,completed
user_479,Run,1526571082,completed
user_480,Ride,1591250783,completed
user_480,VirtualRide,1637682302,completed
user_480,Swim,1566380254,completed
user_480,VirtualRide,1598595328,completed
user_480,VirtualRide,1598286096,completed
user_481,Run,1566474972,completed
user_481,Swim,1517396752,completed
user_481,Run,1546795941,completed
user_482,VirtualRide,1592931748,completed
user_482,Ride,1675341103,completed
user_482,Walk,1690107319,completed
user_482,Run,1618554984,completed
user_482,Run,1643896267,completed
user_483,Hike,1562925130,completed
user_483,VirtualRide,1560197252,completed
user_483,Run,1500365084,completed
user_483,Ride,1568096284,completed
user_483,VirtualRide,1684836237,completed
user_484,Workout,1569657638,completed
user_484,VirtualRide,1608656476,completed
user_484,Ride,1637748481,completed
user_485,VirtualRide,1569589657,completed
user_485,VirtualRide,1618469421,completed
user_485,Run,1671625743,completed
user_485,Run,1692046520,completed
user_486,VirtualRide,1664123561,completed
user_486,Ride,1634635314,completed
user_486,VirtualRide,1656408633,completed
user_487,Run,1577513618,completed
user_487,Walk,1678518840,completed
user_487,Ride,1613718201,completed
user_488,VirtualRide,1691602074,completed
user_488,Ride,1630340936,completed
user_488,Run,1522656728,completed
user_488,VirtualRide,1556174234,completed
user_489,Ride,1589524228,completed
user_489,VirtualRide,1553940440,completed
user_489,VirtualRide,1614271514,completed
user_489,VirtualRide,1581067899,completed
user_489,VirtualRide,1546418390,completed
user_490,Swim,1516792715,completed
user_490,Ride,1637909970,completed
user_490,Run,1505204656,completed
user_491,Hike,1626601578,completed
user_491,Ride,1604124009,completed
user_491,VirtualRide,1676885646,completed
user_492,Run,1525598987,completed
user_492,Run,1602229685,completed
user_492,Ride,1625081336,completed
user_492,Run,1557075052,completed
user_492,Swim,1534227593,completed
user_493,VirtualRide,1643733021,completed
user_493,VirtualRide,1594792817,completed
user_493,Walk,1648199364,completed
user_494,Run,1546854703,completed
user_494,Ride,1612256685,completed
user_494,VirtualRide,1621252733,completed
user_494,VirtualRide,1670345192,completed
user_495,Run,1691511177,completed
user_495,VirtualRide,1572195733,completed
user_495,Ride,1649489737,completed
user_495,VirtualRide,1587194555,completed
user_495,VirtualRide,1667840578,completed
user_496,VirtualRide,1604320098,completed
user_496,Run,1584696459,completed
user_496,Ride,1656661592,completed
user_496,VirtualRide,1616484098,completed
user_497,Run,1564344325,completed
user_497,Run,1555398981,completed
user_497,VirtualRide,1661529671,completed
user_497,VirtualRide,1619092738,completed
user_497,Swim,1572517669,completed
user_498,Run,1536171127,completed
user_498,Ride,1681547997,completed
user_498,Run,1535900251,completed
user_498,VirtualRide,1611058089,completed
user_498,VirtualRide,1591775392,completed
user_499,Run,1567749991,completed
user_499,Ride,1685171331,completed
user_499,VirtualRide,1559751759,completed
user_499,VirtualRide,1662745978,completed
user_499,Ride,1582962122,completed
user_500,VirtualRide,1648989215,completed
user_500,Run,1682320008,completed
user_500,Ride,1540021028,completed
user_501,VirtualRide,1597136217,completed
user_501,Run,1532073122,completed
user_501,Ride,1593938092,completed
user_502,Ride,1591250642,completed
user_502,Ride,1577618773,completed
user_502,VirtualRide,1611913899,completed
user_502,Run,1562164645,completed
user_503,VirtualRide,1591516505,completed
